{
  "model_name": "microsoft/deberta-v3-base",
  "max_length": 192,
  "batch_size": 16,
  "gradient_accumulation_steps": 2,
  "learning_rate": 2e-05,
  "num_epochs": 5,
  "warmup_ratio": 0.1,
  "best_f1": 0.18321342925659473,
  "best_epoch": 1,
  "final_metrics": {
    "dev_loss": 0.7422818736869747,
    "dev_acc": 0.10084477296726505,
    "dev_precision": 0.10084477296726505,
    "dev_recall": 1.0,
    "dev_f1": 0.18321342925659473
  },
  "training_history": {
    "train_loss": [
      0.7067554028003247,
      0.696112298346185,
      0.695197563666802,
      0.6937715604707793
    ],
    "train_acc": [
      0.5393440958472941,
      0.5075642197177378,
      0.5701086404711139,
      0.5232003249060818
    ],
    "train_f1": [
      0.3404564616950138,
      0.36865399635511586,
      0.287445304611242,
      0.3645466847090663
    ],
    "dev_loss": [
      0.7422818736869747,
      0.5730575433298319,
      0.7163783482142857,
      0.6813534007352942
    ],
    "dev_acc": [
      0.10084477296726505,
      0.899155227032735,
      0.10084477296726505,
      0.899155227032735
    ],
    "dev_precision": [
      0.10084477296726505,
      0.0,
      0.10084477296726505,
      0.0
    ],
    "dev_recall": [
      1.0,
      0.0,
      1.0,
      0.0
    ],
    "dev_f1": [
      0.18321342925659473,
      0.0,
      0.18321342925659473,
      0.0
    ]
  }
}